Nombre,Link
Congelador Frigidaire,http://simp.ly/publish/MyMx6k
Congelador Frigidaire,http://simp.ly/publish/MyMx6k
Refrigeradora Mabe,http://simp.ly/publish/wDFf2l
Cocina wok INOX 3 Hornillas,http://simp.ly/publish/pyVfnY
Cocina wok INOX 3 Hornillas,http://simp.ly/publish/pyVfnY
Lavadero INOX doble poza + 2 caños,http://simp.ly/publish/Dh4SKt
Repisa de acero 2 niveles,http://simp.ly/publish/770p2S
Repisa de Acero 1 nivel,http://simp.ly/publish/sMyCx3
Mesa Refrigerada,http://simp.ly/publish/5xsV87
Freidora Industrial a GN,http://simp.ly/publish/CW6kJ9
Plancha Industrial a GN con mesa INOX,http://simp.ly/publish/mRq4wV
Cocina Industrial 4 hornillas,http://simp.ly/publish/ChCBxz
Mesas Rectangulares,http://simp.ly/publish/8KlXcR
Mesas Cuadradas,http://simp.ly/publish/plHhbN
Silla forradas en cuerina,http://simp.ly/publish/JQdFTG
Silla forradas en tela,http://simp.ly/publish/fXrwSW
Banca de madera,http://simp.ly/publish/GKrWNk
Mesa de vidrio oficina,http://simp.ly/publish/MFsm3G